id,UBX-NAV-PVT:lon,UBX-NAV-PVT:lat,UBX-NAV-PVT:height,UBX-NAV-PVT:year,UBX-NAV-PVT:month,UBX-NAV-PVT:day,UBX-NAV-PVT:hour,UBX-NAV-PVT:min,UBX-NAV-PVT:sec
2350,-17657496,537903030,213551,2022,11,14,15,25,0
2351,-17657493,537903035,213560,2022,11,14,15,25,1
2352,-17657480,537903045,213489,2022,11,14,15,25,2
2353,-17657477,537903049,213504,2022,11,14,15,25,3
2354,-17657441,537903070,213275,2022,11,14,15,25,4
2355,-17657452,537903066,213382,2022,11,14,15,25,5
2356,-17657444,537903072,213353,2022,11,14,15,25,6
2357,-17657413,537903090,213164,2022,11,14,15,25,7
2358,-17657410,537903092,213190,2022,11,14,15,25,8
2359,-17657395,537903102,213130,2022,11,14,15,25,9
2360,-17657387,537903108,213110,2022,11,14,15,25,10
2361,-17657374,537903116,213063,2022,11,14,15,25,11
2362,-17657371,537903118,213092,2022,11,14,15,25,12
2363,-17657363,537903124,213083,2022,11,14,15,25,13
2364,-17657354,537903129,213068,2022,11,14,15,25,14
2365,-17657349,537903133,213068,2022,11,14,15,25,15
2366,-17657348,537903136,213101,2022,11,14,15,25,16
2367,-17657339,537903143,213067,2022,11,14,15,25,17
2368,-17657328,537903151,213005,2022,11,14,15,25,18
2369,-17657330,537903153,213036,2022,11,14,15,25,19
2370,-17657327,537903157,213018,2022,11,14,15,25,20
2371,-17657342,537903152,213130,2022,11,14,15,25,21
2372,-17657367,537903143,213306,2022,11,14,15,25,22
2373,-17657399,537903132,213534,2022,11,14,15,25,24
2374,-17657404,537903132,213581,2022,11,14,15,25,25
2375,-17657416,537903126,213696,2022,11,14,15,25,26
2376,-17657424,537903120,213865,2022,11,14,15,25,28
2377,-17657425,537903117,213952,2022,11,14,15,25,29
2378,-17657425,537903116,214020,2022,11,14,15,25,30
2379,-17657426,537903115,214085,2022,11,14,15,25,31
2380,-17657452,537903102,214319,2022,11,14,15,25,32
2381,-17657481,537903087,214566,2022,11,14,15,25,33
2382,-17657506,537903074,214792,2022,11,14,15,25,34
2383,-17657531,537903061,215012,2022,11,14,15,25,35
2384,-17657528,537903061,215049,2022,11,14,15,25,36
2385,-17657524,537903062,215058,2022,11,14,15,25,37
2386,-17657520,537903064,215058,2022,11,14,15,25,38
2387,-17657524,537903062,215117,2022,11,14,15,25,39
2388,-17657549,537903049,215310,2022,11,14,15,25,40
2389,-17657572,537903036,215485,2022,11,14,15,25,41
2390,-17657601,537903021,215700,2022,11,14,15,25,42
2391,-17657626,537903010,215889,2022,11,14,15,25,43
2392,-17657655,537902996,216099,2022,11,14,15,25,44
2393,-17657671,537902988,216215,2022,11,14,15,25,45
2394,-17657690,537902979,216339,2022,11,14,15,25,46
2395,-17657697,537902976,216380,2022,11,14,15,25,47
2396,-17657685,537902984,216286,2022,11,14,15,25,49
2397,-17657679,537902988,216238,2022,11,14,15,25,50
2398,-17657671,537902992,216197,2022,11,14,15,25,52
2399,-17657655,537903001,216095,2022,11,14,15,25,53
2400,-17657641,537903007,216020,2022,11,14,15,25,54
2401,-17657661,537902997,216197,2022,11,14,15,25,55
2402,-17657679,537902988,216346,2022,11,14,15,25,56
2403,-17657691,537902983,216444,2022,11,14,15,25,57
2404,-17657706,537902976,216557,2022,11,14,15,25,58
2405,-17657719,537902970,216660,2022,11,14,15,25,59
2406,-17657737,537902963,216777,2022,11,14,15,26,0
2407,-17657753,537902956,216897,2022,11,14,15,26,1
2408,-17657767,537902950,216990,2022,11,14,15,26,2
2409,-17657776,537902947,217040,2022,11,14,15,26,3
2410,-17657784,537902945,217062,2022,11,14,15,26,4
2411,-17657803,537902938,217145,2022,11,14,15,26,6
2412,-17657806,537902936,217149,2022,11,14,15,26,7
2413,-17657802,537902938,217112,2022,11,14,15,26,8
2414,-17657793,537902943,217014,2022,11,14,15,26,10
2415,-17657791,537902944,216991,2022,11,14,15,26,11
2416,-17657772,537902951,216906,2022,11,14,15,26,15
2417,-17657773,537902949,216935,2022,11,14,15,26,16
2418,-17657768,537902950,216904,2022,11,14,15,26,17
2419,-17657764,537902951,216886,2022,11,14,15,26,18
2420,-17657762,537902952,216887,2022,11,14,15,26,19
2421,-17657768,537902949,216915,2022,11,14,15,26,20
2422,-17657773,537902946,216933,2022,11,14,15,26,21
2423,-17657779,537902943,216947,2022,11,14,15,26,22
2424,-17657783,537902941,216946,2022,11,14,15,26,23
2425,-17657788,537902938,216958,2022,11,14,15,26,24
2426,-17657790,537902937,216941,2022,11,14,15,26,25
2427,-17657790,537902936,216933,2022,11,14,15,26,26
2428,-17657790,537902937,216921,2022,11,14,15,26,27
2429,-17657788,537902937,216902,2022,11,14,15,26,28
2430,-17657785,537902936,216893,2022,11,14,15,26,29
2431,-17657782,537902936,216876,2022,11,14,15,26,30
2432,-17657765,537902945,216761,2022,11,14,15,26,31
2433,-17657757,537902949,216716,2022,11,14,15,26,32
2434,-17657744,537902956,216647,2022,11,14,15,26,33
2435,-17657725,537902965,216533,2022,11,14,15,26,34
2436,-17657703,537902977,216413,2022,11,14,15,26,35
2437,-17657680,537902989,216280,2022,11,14,15,26,36
2438,-17657633,537903009,216049,2022,11,14,15,26,38
2439,-17657605,537903020,215905,2022,11,14,15,26,39
2440,-17657531,537903051,215488,2022,11,14,15,26,42
2441,-17657508,537903062,215360,2022,11,14,15,26,43
2442,-17657487,537903073,215231,2022,11,14,15,26,44
2443,-17657473,537903080,215138,2022,11,14,15,26,45
2444,-17657438,537903099,214897,2022,11,14,15,26,47
2445,-17657418,537903109,214767,2022,11,14,15,26,48
2446,-17657393,537903120,214601,2022,11,14,15,26,49
2447,-17657371,537903130,214476,2022,11,14,15,26,50
2448,-17657351,537903139,214349,2022,11,14,15,26,51
2449,-17657326,537903151,214178,2022,11,14,15,26,52
2450,-17657309,537903160,214052,2022,11,14,15,26,53
2451,-17657286,537903171,213902,2022,11,14,15,26,54
2452,-17657269,537903180,213782,2022,11,14,15,26,55
2453,-17657221,537903202,213490,2022,11,14,15,26,57
2454,-17657173,537903224,213191,2022,11,14,15,26,59
2455,-17657150,537903233,213035,2022,11,14,15,27,0
2456,-17657123,537903243,212831,2022,11,14,15,27,2
2457,-17657120,537903244,212781,2022,11,14,15,27,3
2458,-17657116,537903245,212717,2022,11,14,15,27,4
2459,-17657109,537903248,212629,2022,11,14,15,27,5
2460,-17657098,537903253,212511,2022,11,14,15,27,6
2461,-17657089,537903257,212423,2022,11,14,15,27,7
2462,-17657086,537903258,212364,2022,11,14,15,27,8
2463,-17657088,537903257,212342,2022,11,14,15,27,9
2464,-17657095,537903255,212361,2022,11,14,15,27,11
2465,-17657096,537903255,212363,2022,11,14,15,27,12
2466,-17657104,537903250,212420,2022,11,14,15,27,13
2467,-17657110,537903247,212456,2022,11,14,15,27,14
2468,-17657114,537903244,212505,2022,11,14,15,27,15
2469,-17657111,537903245,212495,2022,11,14,15,27,16
2470,-17657109,537903245,212495,2022,11,14,15,27,17
2471,-17657105,537903246,212480,2022,11,14,15,27,18
2472,-17657107,537903245,212501,2022,11,14,15,27,19
2473,-17657099,537903249,212435,2022,11,14,15,27,20
2474,-17657092,537903253,212388,2022,11,14,15,27,21
2475,-17657102,537903250,212440,2022,11,14,15,27,22
2476,-17657127,537903242,212605,2022,11,14,15,27,24
2477,-17657139,537903240,212682,2022,11,14,15,27,25
2478,-17657152,537903238,212746,2022,11,14,15,27,27
2479,-17657140,537903247,212651,2022,11,14,15,27,28
2480,-17657137,537903251,212624,2022,11,14,15,27,29
2481,-17657126,537903259,212540,2022,11,14,15,27,30
2482,-17657121,537903263,212504,2022,11,14,15,27,31
2483,-17657107,537903273,212401,2022,11,14,15,27,32
2484,-17657106,537903275,212408,2022,11,14,15,27,33
2485,-17657106,537903276,212418,2022,11,14,15,27,34
2486,-17657104,537903278,212423,2022,11,14,15,27,35
2487,-17657099,537903281,212403,2022,11,14,15,27,36
2488,-17657090,537903287,212351,2022,11,14,15,27,37
2489,-17657083,537903291,212318,2022,11,14,15,27,38
2490,-17657085,537903289,212361,2022,11,14,15,27,39
2491,-17657084,537903290,212384,2022,11,14,15,27,40
2492,-17657078,537903294,212375,2022,11,14,15,27,41
2493,-17657080,537903293,212387,2022,11,14,15,27,42
2494,-17657085,537903291,212429,2022,11,14,15,27,43
2495,-17657097,537903286,212520,2022,11,14,15,27,44
2496,-17657101,537903286,212543,2022,11,14,15,27,45
2497,-17657102,537903288,212545,2022,11,14,15,27,46
2498,-17657111,537903284,212583,2022,11,14,15,27,47
2499,-17657120,537903280,212613,2022,11,14,15,27,48
2500,-17657118,537903282,212583,2022,11,14,15,27,49
2501,-17657125,537903279,212615,2022,11,14,15,27,50
2502,-17657133,537903275,212644,2022,11,14,15,27,51
2503,-17657127,537903279,212594,2022,11,14,15,27,52
2504,-17657131,537903276,212604,2022,11,14,15,27,53
2505,-17657119,537903282,212539,2022,11,14,15,27,54
2506,-17657117,537903281,212550,2022,11,14,15,27,55
2507,-17657107,537903282,212546,2022,11,14,15,27,57
2508,-17657102,537903282,212536,2022,11,14,15,27,58
2509,-17657110,537903274,212651,2022,11,14,15,28,0
2510,-17657105,537903272,212665,2022,11,14,15,28,1
2511,-17657109,537903266,212734,2022,11,14,15,28,2
2512,-17657119,537903256,212850,2022,11,14,15,28,3
2513,-17657119,537903255,212879,2022,11,14,15,28,4
2514,-17657125,537903251,212959,2022,11,14,15,28,5
2515,-17657142,537903242,213093,2022,11,14,15,28,6
2516,-17657165,537903229,213263,2022,11,14,15,28,7
2517,-17657189,537903215,213454,2022,11,14,15,28,8
2518,-17657202,537903207,213580,2022,11,14,15,28,9
2519,-17657236,537903189,213892,2022,11,14,15,28,11
2520,-17657259,537903176,214108,2022,11,14,15,28,12
2521,-17657273,537903168,214256,2022,11,14,15,28,13
2522,-17657286,537903161,214406,2022,11,14,15,28,14
2523,-17657300,537903153,214558,2022,11,14,15,28,15
2524,-17657300,537903151,214605,2022,11,14,15,28,16
2525,-17657312,537903144,214730,2022,11,14,15,28,17
2526,-17657330,537903133,214890,2022,11,14,15,28,18
2527,-17657344,537903124,215040,2022,11,14,15,28,19
2528,-17657362,537903112,215226,2022,11,14,15,28,20
2529,-17657373,537903105,215379,2022,11,14,15,28,21
2530,-17657390,537903094,215549,2022,11,14,15,28,22
2531,-17657404,537903086,215700,2022,11,14,15,28,23
2532,-17657416,537903080,215827,2022,11,14,15,28,24
2533,-17657429,537903074,215945,2022,11,14,15,28,25
2534,-17657443,537903068,216070,2022,11,14,15,28,26
2535,-17657450,537903067,216136,2022,11,14,15,28,27
2536,-17657461,537903064,216210,2022,11,14,15,28,28
2537,-17657459,537903069,216152,2022,11,14,15,28,30
2538,-17657461,537903069,216154,2022,11,14,15,28,31
2539,-17657463,537903070,216150,2022,11,14,15,28,32
2540,-17657464,537903072,216134,2022,11,14,15,28,33
2541,-17657453,537903079,216074,2022,11,14,15,28,34
2542,-17657442,537903087,216020,2022,11,14,15,28,35
2543,-17657431,537903093,215975,2022,11,14,15,28,36
2544,-17657415,537903101,215915,2022,11,14,15,28,37
2545,-17657410,537903102,215953,2022,11,14,15,28,38
2546,-17657407,537903102,215995,2022,11,14,15,28,39
2547,-17657391,537903109,215953,2022,11,14,15,28,40
2548,-17657375,537903116,215913,2022,11,14,15,28,41
2549,-17657360,537903123,215880,2022,11,14,15,28,42
2550,-17657338,537903133,215793,2022,11,14,15,28,43
2551,-17657316,537903143,215723,2022,11,14,15,28,44
2552,-17657291,537903155,215636,2022,11,14,15,28,45
2553,-17657250,537903174,215496,2022,11,14,15,28,47
2554,-17657232,537903184,215434,2022,11,14,15,28,48
2555,-17657236,537903179,215499,2022,11,14,15,28,49
2556,-17657229,537903181,215478,2022,11,14,15,28,50
2557,-17657211,537903189,215398,2022,11,14,15,28,51
2558,-17657194,537903197,215326,2022,11,14,15,28,52
2559,-17657188,537903197,215397,2022,11,14,15,28,54
2560,-17657196,537903193,215499,2022,11,14,15,28,55
2561,-17657202,537903189,215570,2022,11,14,15,28,56
2562,-17657210,537903185,215691,2022,11,14,15,28,57
2563,-17657224,537903175,215951,2022,11,14,15,28,59
2564,-17657232,537903169,216076,2022,11,14,15,29,0
2565,-17657240,537903162,216185,2022,11,14,15,29,1
2566,-17657252,537903153,216324,2022,11,14,15,29,2
2567,-17657249,537903152,216371,2022,11,14,15,29,3
2568,-17657249,537903151,216395,2022,11,14,15,29,4
2569,-17657253,537903147,216443,2022,11,14,15,29,5
2570,-17657257,537903144,216471,2022,11,14,15,29,7
2571,-17657266,537903138,216528,2022,11,14,15,29,8
2572,-17657274,537903133,216530,2022,11,14,15,29,9
2573,-17657293,537903123,216568,2022,11,14,15,29,11
2574,-17657310,537903113,216646,2022,11,14,15,29,12
2575,-17657318,537903109,216651,2022,11,14,15,29,13
2576,-17657327,537903104,216676,2022,11,14,15,29,14
2577,-17657337,537903100,216709,2022,11,14,15,29,15
2578,-17657338,537903099,216692,2022,11,14,15,29,16
2579,-17657345,537903095,216716,2022,11,14,15,29,17
2580,-17657351,537903090,216710,2022,11,14,15,29,18
2581,-17657358,537903084,216733,2022,11,14,15,29,19
2582,-17657359,537903082,216728,2022,11,14,15,29,20
2583,-17657363,537903079,216747,2022,11,14,15,29,21
2584,-17657369,537903073,216760,2022,11,14,15,29,22
2585,-17657376,537903068,216779,2022,11,14,15,29,23
2586,-17657389,537903058,216832,2022,11,14,15,29,24
2587,-17657401,537903049,216872,2022,11,14,15,29,25
2588,-17657415,537903040,216910,2022,11,14,15,29,26
2589,-17657438,537903028,217013,2022,11,14,15,29,27
2590,-17657456,537903017,217065,2022,11,14,15,29,28
2591,-17657475,537903006,217115,2022,11,14,15,29,29
2592,-17657486,537903002,217123,2022,11,14,15,29,30
2593,-17657490,537903002,217093,2022,11,14,15,29,31
2594,-17657496,537903002,217068,2022,11,14,15,29,32
2595,-17657509,537902997,217076,2022,11,14,15,29,33
2596,-17657519,537902994,217051,2022,11,14,15,29,34
2597,-17657524,537902994,216999,2022,11,14,15,29,35
2598,-17657521,537902998,216903,2022,11,14,15,29,36
2599,-17657533,537902992,216912,2022,11,14,15,29,37
2600,-17657549,537902984,216960,2022,11,14,15,29,38
2601,-17657560,537902977,216982,2022,11,14,15,29,39
2602,-17657585,537902964,217113,2022,11,14,15,29,40
2603,-17657624,537902942,217265,2022,11,14,15,29,42
2604,-17657642,537902932,217356,2022,11,14,15,29,43
2605,-17657672,537902914,217542,2022,11,14,15,29,44
2606,-17657688,537902904,217623,2022,11,14,15,29,45
2607,-17657712,537902889,217770,2022,11,14,15,29,46
2608,-17657720,537902884,217807,2022,11,14,15,29,47
2609,-17657726,537902879,217831,2022,11,14,15,29,48
2610,-17657733,537902874,217847,2022,11,14,15,29,49
2611,-17657748,537902865,217920,2022,11,14,15,29,50
2612,-17657759,537902859,217964,2022,11,14,15,29,51
2613,-17657777,537902851,218048,2022,11,14,15,29,53
2614,-17657784,537902848,218076,2022,11,14,15,29,54
2615,-17657784,537902848,218056,2022,11,14,15,29,55
2616,-17657784,537902848,218054,2022,11,14,15,29,56
2617,-17657784,537902849,218059,2022,11,14,15,29,57
2618,-17657782,537902850,218060,2022,11,14,15,29,58
2619,-17657769,537902857,217995,2022,11,14,15,29,59
2620,-17657762,537902859,217975,2022,11,14,15,30,0
2621,-17657755,537902861,217971,2022,11,14,15,30,1
2622,-17657746,537902863,217953,2022,11,14,15,30,2
2623,-17657731,537902870,217899,2022,11,14,15,30,3
2624,-17657725,537902871,217915,2022,11,14,15,30,4
2625,-17657716,537902873,217903,2022,11,14,15,30,5
2626,-17657711,537902875,217905,2022,11,14,15,30,6
2627,-17657677,537902891,217764,2022,11,14,15,30,9
2628,-17657669,537902896,217742,2022,11,14,15,30,10
2629,-17657674,537902892,217806,2022,11,14,15,30,11
2630,-17657682,537902887,217865,2022,11,14,15,30,12
2631,-17657685,537902885,217887,2022,11,14,15,30,13
2632,-17657685,537902886,217888,2022,11,14,15,30,14
2633,-17657682,537902889,217861,2022,11,14,15,30,15
2634,-17657679,537902892,217848,2022,11,14,15,30,16
2635,-17657680,537902893,217845,2022,11,14,15,30,17
2636,-17657690,537902888,217960,2022,11,14,15,30,19
2637,-17657701,537902883,218095,2022,11,14,15,30,21
2638,-17657699,537902883,218149,2022,11,14,15,30,23
2639,-17657700,537902882,218194,2022,11,14,15,30,24
2640,-17657697,537902884,218212,2022,11,14,15,30,25
2641,-17657688,537902891,218181,2022,11,14,15,30,26
2642,-17657679,537902897,218179,2022,11,14,15,30,27
2643,-17657659,537902915,218073,2022,11,14,15,30,29
2644,-17657647,537902926,217982,2022,11,14,15,30,30
2645,-17657622,537902948,217786,2022,11,14,15,30,32
2646,-17657614,537902960,217719,2022,11,14,15,30,33
2647,-17657602,537902973,217611,2022,11,14,15,30,34
2648,-17657587,537902990,217474,2022,11,14,15,30,35
2649,-17657581,537903001,217389,2022,11,14,15,30,36
2650,-17657575,537903011,217318,2022,11,14,15,30,37
2651,-17657571,537903028,217254,2022,11,14,15,30,39
2652,-17657573,537903033,217283,2022,11,14,15,30,40
2653,-17657580,537903035,217352,2022,11,14,15,30,41
2654,-17657588,537903036,217432,2022,11,14,15,30,42
2655,-17657599,537903047,217489,2022,11,14,15,30,44
2656,-17657597,537903058,217461,2022,11,14,15,30,45
2657,-17657594,537903069,217442,2022,11,14,15,30,46
2658,-17657582,537903096,217339,2022,11,14,15,30,48
2659,-17657575,537903111,217259,2022,11,14,15,30,49
2660,-17657559,537903141,217066,2022,11,14,15,30,51
2661,-17657551,537903157,216956,2022,11,14,15,30,52
2662,-17657547,537903182,216837,2022,11,14,15,30,54
2663,-17657507,537903227,216441,2022,11,14,15,30,56
2664,-17657474,537903263,216153,2022,11,14,15,30,58
2665,-17657460,537903278,216030,2022,11,14,15,30,59
2666,-17657446,537903291,215929,2022,11,14,15,31,0
2667,-17657436,537903299,215878,2022,11,14,15,31,1
2668,-17657427,537903307,215826,2022,11,14,15,31,2
2669,-17657418,537903314,215783,2022,11,14,15,31,3
2670,-17657411,537903320,215768,2022,11,14,15,31,4
2671,-17657421,537903321,215866,2022,11,14,15,31,5
2672,-17657419,537903327,215866,2022,11,14,15,31,6
2673,-17657419,537903328,215922,2022,11,14,15,31,7
2674,-17657422,537903327,215988,2022,11,14,15,31,8
2675,-17657421,537903330,216020,2022,11,14,15,31,9
2676,-17657420,537903332,216044,2022,11,14,15,31,10
2677,-17657421,537903335,216047,2022,11,14,15,31,11
2678,-17657404,537903361,215796,2022,11,14,15,31,14
2679,-17657408,537903365,215766,2022,11,14,15,31,15
2680,-17657413,537903370,215732,2022,11,14,15,31,16
2681,-17657418,537903374,215713,2022,11,14,15,31,17
2682,-17657412,537903383,215628,2022,11,14,15,31,18
2683,-17657410,537903389,215553,2022,11,14,15,31,19
2684,-17657411,537903395,215492,2022,11,14,15,31,20
2685,-17657415,537903400,215450,2022,11,14,15,31,21
2686,-17657423,537903402,215453,2022,11,14,15,31,22
2687,-17657425,537903408,215413,2022,11,14,15,31,23
2688,-17657434,537903408,215428,2022,11,14,15,31,24
2689,-17657446,537903403,215504,2022,11,14,15,31,25
2690,-17657443,537903409,215466,2022,11,14,15,31,26
2691,-17657441,537903414,215422,2022,11,14,15,31,27
2692,-17657439,537903416,215411,2022,11,14,15,31,28
2693,-17657444,537903415,215463,2022,11,14,15,31,29
2694,-17657446,537903415,215481,2022,11,14,15,31,30
2695,-17657449,537903414,215501,2022,11,14,15,31,31
2696,-17657452,537903414,215521,2022,11,14,15,31,32
2697,-17657448,537903418,215482,2022,11,14,15,31,33
2698,-17657460,537903417,215514,2022,11,14,15,31,35
2699,-17657461,537903418,215513,2022,11,14,15,31,36
2700,-17657460,537903423,215461,2022,11,14,15,31,38
2701,-17657452,537903433,215337,2022,11,14,15,31,39
2702,-17657446,537903441,215232,2022,11,14,15,31,40
2703,-17657430,537903456,215045,2022,11,14,15,31,42
2704,-17657422,537903463,214966,2022,11,14,15,31,43
2705,-17657412,537903471,214882,2022,11,14,15,31,44
2706,-17657404,537903477,214808,2022,11,14,15,31,45
2707,-17657396,537903482,214755,2022,11,14,15,31,46
2708,-17657381,537903491,214685,2022,11,14,15,31,48
2709,-17657365,537903499,214632,2022,11,14,15,31,50
2710,-17657361,537903501,214650,2022,11,14,15,31,51
2711,-17657351,537903505,214609,2022,11,14,15,31,52
2712,-17657345,537903504,214632,2022,11,14,15,31,53
2713,-17657338,537903505,214639,2022,11,14,15,31,54
2714,-17657331,537903507,214635,2022,11,14,15,31,55
2715,-17657322,537903510,214611,2022,11,14,15,31,56
2716,-17657313,537903515,214566,2022,11,14,15,31,57
2717,-17657307,537903518,214541,2022,11,14,15,31,58
2718,-17657293,537903525,214449,2022,11,14,15,32,0
2719,-17657285,537903527,214427,2022,11,14,15,32,1
2720,-17657280,537903524,214505,2022,11,14,15,32,3
2721,-17657280,537903522,214553,2022,11,14,15,32,4
2722,-17657279,537903520,214615,2022,11,14,15,32,5
2723,-17657272,537903513,214772,2022,11,14,15,32,8
2724,-17657267,537903511,214803,2022,11,14,15,32,9
2725,-17657259,537903509,214833,2022,11,14,15,32,10
2726,-17657257,537903499,214938,2022,11,14,15,32,12
2727,-17657257,537903493,215005,2022,11,14,15,32,13
2728,-17657256,537903483,215127,2022,11,14,15,32,15
2729,-17657255,537903480,215170,2022,11,14,15,32,16
2730,-17657257,537903476,215215,2022,11,14,15,32,17
2731,-17657258,537903473,215256,2022,11,14,15,32,18
2732,-17657260,537903468,215299,2022,11,14,15,32,19
2733,-17657258,537903467,215318,2022,11,14,15,32,20
2734,-17657257,537903464,215342,2022,11,14,15,32,21
2735,-17657253,537903464,215329,2022,11,14,15,32,22
2736,-17657252,537903462,215334,2022,11,14,15,32,23
2737,-17657250,537903461,215353,2022,11,14,15,32,24
2738,-17657246,537903456,215424,2022,11,14,15,32,26
2739,-17657241,537903455,215437,2022,11,14,15,32,27
2740,-17657234,537903450,215500,2022,11,14,15,32,29
2741,-17657229,537903448,215528,2022,11,14,15,32,30
2742,-17657222,537903447,215535,2022,11,14,15,32,31
2743,-17657219,537903443,215577,2022,11,14,15,32,32
2744,-17657214,537903443,215582,2022,11,14,15,32,33
2745,-17657208,537903444,215580,2022,11,14,15,32,34
2746,-17657202,537903446,215561,2022,11,14,15,32,35
2747,-17657203,537903441,215627,2022,11,14,15,32,37
2748,-17657203,537903440,215630,2022,11,14,15,32,38
2749,-17657193,537903446,215596,2022,11,14,15,32,40
2750,-17657190,537903449,215570,2022,11,14,15,32,41
2751,-17657184,537903452,215531,2022,11,14,15,32,42
2752,-17657176,537903456,215482,2022,11,14,15,32,43
2753,-17657172,537903458,215486,2022,11,14,15,32,44
2754,-17657166,537903459,215469,2022,11,14,15,32,45
2755,-17657156,537903463,215427,2022,11,14,15,32,46
2756,-17657147,537903466,215400,2022,11,14,15,32,47
2757,-17657136,537903469,215376,2022,11,14,15,32,48
2758,-17657116,537903475,215343,2022,11,14,15,32,50
2759,-17657103,537903479,215314,2022,11,14,15,32,51
2760,-17657096,537903480,215333,2022,11,14,15,32,52
2761,-17657093,537903479,215371,2022,11,14,15,32,53
2762,-17657088,537903480,215392,2022,11,14,15,32,54
2763,-17657093,537903475,215490,2022,11,14,15,32,55
2764,-17657092,537903474,215524,2022,11,14,15,32,56
2765,-17657109,537903463,215672,2022,11,14,15,32,57
2766,-17657114,537903459,215717,2022,11,14,15,32,58
2767,-17657118,537903456,215767,2022,11,14,15,32,59
2768,-17657121,537903452,215822,2022,11,14,15,33,0
2769,-17657121,537903450,215849,2022,11,14,15,33,1
2770,-17657121,537903448,215864,2022,11,14,15,33,2
2771,-17657125,537903444,215919,2022,11,14,15,33,3
2772,-17657126,537903441,215958,2022,11,14,15,33,4
2773,-17657131,537903435,216047,2022,11,14,15,33,5
2774,-17657136,537903429,216125,2022,11,14,15,33,6
2775,-17657140,537903422,216212,2022,11,14,15,33,7
2776,-17657127,537903426,216182,2022,11,14,15,33,8
2777,-17657118,537903429,216176,2022,11,14,15,33,9
2778,-17657116,537903427,216190,2022,11,14,15,33,10
2779,-17657116,537903425,216197,2022,11,14,15,33,11
2780,-17657126,537903416,216276,2022,11,14,15,33,12
2781,-17657134,537903409,216333,2022,11,14,15,33,13
2782,-17657143,537903400,216415,2022,11,14,15,33,14
2783,-17657151,537903392,216479,2022,11,14,15,33,15
2784,-17657154,537903385,216541,2022,11,14,15,33,16
2785,-17657161,537903376,216634,2022,11,14,15,33,17
2786,-17657172,537903363,216761,2022,11,14,15,33,18
2787,-17657172,537903359,216775,2022,11,14,15,33,19
2788,-17657173,537903358,216789,2022,11,14,15,33,20
2789,-17657162,537903365,216674,2022,11,14,15,33,21
2790,-17657140,537903381,216458,2022,11,14,15,33,22
2791,-17657045,537903458,215522,2022,11,14,15,33,25
2792,-17657007,537903488,215150,2022,11,14,15,33,26
2793,-17656968,537903518,214771,2022,11,14,15,33,27
2794,-17656928,537903549,214395,2022,11,14,15,33,28
2795,-17656889,537903578,214048,2022,11,14,15,33,29
2796,-17656854,537903603,213755,2022,11,14,15,33,30
2797,-17656808,537903635,213342,2022,11,14,15,33,31
2798,-17656766,537903665,212982,2022,11,14,15,33,32
2799,-17656684,537903720,212292,2022,11,14,15,33,34
2800,-17656659,537903736,212090,2022,11,14,15,33,35
2801,-17656629,537903754,211853,2022,11,14,15,33,36
2802,-17656603,537903770,211632,2022,11,14,15,33,37
2803,-17656581,537903784,211422,2022,11,14,15,33,38
2804,-17656578,537903782,211370,2022,11,14,15,33,39
2805,-17656574,537903783,211293,2022,11,14,15,33,40
2806,-17656560,537903790,211132,2022,11,14,15,33,41
2807,-17656543,537903800,210937,2022,11,14,15,33,42
2808,-17656521,537903815,210698,2022,11,14,15,33,43
2809,-17656506,537903827,210485,2022,11,14,15,33,44
2810,-17656487,537903841,210232,2022,11,14,15,33,45
2811,-17656467,537903857,209962,2022,11,14,15,33,46
2812,-17656460,537903864,209810,2022,11,14,15,33,47
2813,-17656444,537903875,209557,2022,11,14,15,33,48
2814,-17656433,537903882,209402,2022,11,14,15,33,49
2815,-17656423,537903889,209237,2022,11,14,15,33,50
2816,-17656415,537903893,209091,2022,11,14,15,33,51
2817,-17656404,537903900,208924,2022,11,14,15,33,52
2818,-17656394,537903905,208765,2022,11,14,15,33,53
2819,-17656385,537903908,208631,2022,11,14,15,33,54
2820,-17656376,537903910,208505,2022,11,14,15,33,55
2821,-17656370,537903911,208401,2022,11,14,15,33,56
2822,-17656361,537903915,208268,2022,11,14,15,33,57
2823,-17656353,537903919,208140,2022,11,14,15,33,58
2824,-17656346,537903922,208020,2022,11,14,15,33,59
2825,-17656343,537903925,207929,2022,11,14,15,34,0
2826,-17656336,537903930,207816,2022,11,14,15,34,1
2827,-17656330,537903936,207696,2022,11,14,15,34,2
2828,-17656323,537903942,207568,2022,11,14,15,34,3
2829,-17656313,537903949,207428,2022,11,14,15,34,4
2830,-17656281,537903970,206948,2022,11,14,15,34,7
2831,-17656273,537903974,206813,2022,11,14,15,34,8
2832,-17656263,537903978,206669,2022,11,14,15,34,9
2833,-17656254,537903984,206549,2022,11,14,15,34,10
2834,-17656249,537903988,206402,2022,11,14,15,34,12
2835,-17656237,537903992,206275,2022,11,14,15,34,13
2836,-17656211,537903998,205985,2022,11,14,15,34,16
2837,-17656200,537904002,205864,2022,11,14,15,34,17
2838,-17656197,537904001,205815,2022,11,14,15,34,18
2839,-17656188,537904002,205721,2022,11,14,15,34,19
2840,-17656181,537904000,205610,2022,11,14,15,34,21
2841,-17656204,537903986,205718,2022,11,14,15,34,22
2842,-17656217,537903976,205744,2022,11,14,15,34,23
2843,-17656229,537903966,205791,2022,11,14,15,34,24
2844,-17656237,537903959,205797,2022,11,14,15,34,25
2845,-17656243,537903954,205799,2022,11,14,15,34,26
2846,-17656242,537903951,205747,2022,11,14,15,34,27
2847,-17656246,537903948,205734,2022,11,14,15,34,28
2848,-17656273,537903934,205863,2022,11,14,15,34,29
2849,-17656290,537903924,205955,2022,11,14,15,34,30
2850,-17656314,537903910,206108,2022,11,14,15,34,31
2851,-17656347,537903888,206356,2022,11,14,15,34,32
2852,-17656372,537903871,206569,2022,11,14,15,34,33
2853,-17656369,537903868,206591,2022,11,14,15,34,34
2854,-17656364,537903869,206595,2022,11,14,15,34,35
2855,-17656360,537903870,206626,2022,11,14,15,34,36
2856,-17656353,537903873,206628,2022,11,14,15,34,37
2857,-17656352,537903874,206699,2022,11,14,15,34,38
2858,-17656349,537903875,206763,2022,11,14,15,34,39
2859,-17656346,537903876,206817,2022,11,14,15,34,40
2860,-17656347,537903876,206947,2022,11,14,15,34,42
2861,-17656351,537903875,207041,2022,11,14,15,34,43
2862,-17656383,537903862,207347,2022,11,14,15,34,45
2863,-17656413,537903850,207617,2022,11,14,15,34,46
2864,-17656433,537903842,207807,2022,11,14,15,34,47
2865,-17656463,537903828,208058,2022,11,14,15,34,48
2866,-17656483,537903817,208233,2022,11,14,15,34,49
2867,-17656487,537903815,208303,2022,11,14,15,34,50
2868,-17656486,537903816,208350,2022,11,14,15,34,51
2869,-17656478,537903821,208341,2022,11,14,15,34,52
2870,-17656463,537903831,208361,2022,11,14,15,34,54
2871,-17656456,537903835,208365,2022,11,14,15,34,55
2872,-17656448,537903841,208366,2022,11,14,15,34,56
2873,-17656436,537903848,208341,2022,11,14,15,34,57
2874,-17656431,537903856,208412,2022,11,14,15,34,59
2875,-17656426,537903860,208422,2022,11,14,15,35,0
2876,-17656418,537903866,208475,2022,11,14,15,35,2
2877,-17656418,537903867,208523,2022,11,14,15,35,3
2878,-17656395,537903879,208458,2022,11,14,15,35,5
2879,-17656389,537903883,208467,2022,11,14,15,35,6
2880,-17656392,537903882,208532,2022,11,14,15,35,7
2881,-17656382,537903890,208492,2022,11,14,15,35,8
2882,-17656377,537903896,208476,2022,11,14,15,35,9
2883,-17656350,537903913,208294,2022,11,14,15,35,10
2884,-17656318,537903934,208089,2022,11,14,15,35,11
2885,-17656267,537903963,207737,2022,11,14,15,35,12
2886,-17656246,537903976,207616,2022,11,14,15,35,13
2887,-17656216,537904000,207432,2022,11,14,15,35,15
2888,-17656226,537903998,207539,2022,11,14,15,35,16
2889,-17656244,537903995,207685,2022,11,14,15,35,17
2890,-17656255,537904001,207848,2022,11,14,15,35,20
2891,-17656267,537903993,208006,2022,11,14,15,35,21
2892,-17656277,537903988,208285,2022,11,14,15,35,24
2893,-17656270,537903994,208278,2022,11,14,15,35,25
2894,-17656263,537904000,208254,2022,11,14,15,35,26
2895,-17656265,537904003,208289,2022,11,14,15,35,27
2896,-17656268,537904005,208320,2022,11,14,15,35,28
2897,-17656288,537903999,208475,2022,11,14,15,35,29
2898,-17656311,537903993,208629,2022,11,14,15,35,30
2899,-17656330,537903986,208768,2022,11,14,15,35,31
2900,-17656389,537903961,209214,2022,11,14,15,35,33
2901,-17656412,537903952,209392,2022,11,14,15,35,34
2902,-17656427,537903946,209506,2022,11,14,15,35,35
2903,-17656448,537903936,209649,2022,11,14,15,35,36
2904,-17656472,537903923,209842,2022,11,14,15,35,37
2905,-17656474,537903923,209874,2022,11,14,15,35,38
2906,-17656471,537903925,209856,2022,11,14,15,35,39
2907,-17656471,537903926,209852,2022,11,14,15,35,40
2908,-17656480,537903921,209904,2022,11,14,15,35,42
2909,-17656495,537903912,209972,2022,11,14,15,35,43
2910,-17656536,537903893,210140,2022,11,14,15,35,45
2911,-17656553,537903885,210205,2022,11,14,15,35,46
2912,-17656589,537903869,210315,2022,11,14,15,35,48
2913,-17656605,537903862,210381,2022,11,14,15,35,49
2914,-17656620,537903857,210415,2022,11,14,15,35,50
2915,-17656637,537903849,210465,2022,11,14,15,35,51
2916,-17656652,537903843,210503,2022,11,14,15,35,52
2917,-17656665,537903837,210522,2022,11,14,15,35,53
2918,-17656676,537903831,210546,2022,11,14,15,35,54
2919,-17656673,537903831,210467,2022,11,14,15,35,55
2920,-17656670,537903831,210400,2022,11,14,15,35,56
2921,-17656666,537903831,210310,2022,11,14,15,35,57
2922,-17656663,537903831,210231,2022,11,14,15,35,58
2923,-17656659,537903832,210134,2022,11,14,15,35,59
2924,-17656657,537903831,210065,2022,11,14,15,36,0
2925,-17656655,537903830,210007,2022,11,14,15,36,1
2926,-17656656,537903827,209994,2022,11,14,15,36,2
2927,-17656654,537903826,209955,2022,11,14,15,36,3
2928,-17656650,537903822,209871,2022,11,14,15,36,5
2929,-17656647,537903822,209808,2022,11,14,15,36,6
2930,-17656642,537903822,209732,2022,11,14,15,36,7
2931,-17656642,537903823,209664,2022,11,14,15,36,9
2932,-17656639,537903826,209579,2022,11,14,15,36,10
2933,-17656641,537903827,209518,2022,11,14,15,36,11
2934,-17656626,537903837,209279,2022,11,14,15,36,13
2935,-17656617,537903843,209139,2022,11,14,15,36,14
2936,-17656627,537903845,209035,2022,11,14,15,36,16
2937,-17656617,537903850,208895,2022,11,14,15,36,17
2938,-17656604,537903858,208678,2022,11,14,15,36,19
2939,-17656604,537903858,208623,2022,11,14,15,36,20
2940,-17656596,537903862,208501,2022,11,14,15,36,21
2941,-17656610,537903858,208559,2022,11,14,15,36,22
2942,-17656610,537903858,208519,2022,11,14,15,36,23
2943,-17656607,537903859,208479,2022,11,14,15,36,24
2944,-17656601,537903861,208415,2022,11,14,15,36,25
2945,-17656605,537903860,208415,2022,11,14,15,36,26
2946,-17656601,537903863,208364,2022,11,14,15,36,27
2947,-17656636,537903849,208522,2022,11,14,15,36,29
2948,-17656671,537903834,208697,2022,11,14,15,36,30
2949,-17656704,537903820,208884,2022,11,14,15,36,31
2950,-17656726,537903812,208989,2022,11,14,15,36,32
2951,-17656742,537903807,209077,2022,11,14,15,36,33
2952,-17656762,537903806,209135,2022,11,14,15,36,35
2953,-17656770,537903807,209132,2022,11,14,15,36,36
2954,-17656768,537903813,209061,2022,11,14,15,36,37
2955,-17656771,537903816,209034,2022,11,14,15,36,38
2956,-17656768,537903822,208946,2022,11,14,15,36,39
2957,-17656762,537903829,208866,2022,11,14,15,36,40
2958,-17656758,537903835,208787,2022,11,14,15,36,41
2959,-17656753,537903841,208708,2022,11,14,15,36,42
2960,-17656746,537903848,208616,2022,11,14,15,36,43
2961,-17656742,537903854,208545,2022,11,14,15,36,44
2962,-17656737,537903860,208475,2022,11,14,15,36,45
2963,-17656734,537903862,208463,2022,11,14,15,36,46
2964,-17656733,537903864,208465,2022,11,14,15,36,47
2965,-17656731,537903866,208445,2022,11,14,15,36,48
2966,-17656724,537903869,208406,2022,11,14,15,36,49
2967,-17656720,537903871,208397,2022,11,14,15,36,50
2968,-17656714,537903874,208382,2022,11,14,15,36,51
2969,-17656709,537903875,208373,2022,11,14,15,36,52
2970,-17656705,537903875,208349,2022,11,14,15,36,53
2971,-17656698,537903876,208328,2022,11,14,15,36,54
2972,-17656692,537903875,208323,2022,11,14,15,36,55
2973,-17656685,537903875,208313,2022,11,14,15,36,56
2974,-17656683,537903874,208345,2022,11,14,15,36,57
2975,-17656673,537903876,208301,2022,11,14,15,36,58
2976,-17656670,537903875,208307,2022,11,14,15,36,59
2977,-17656668,537903873,208318,2022,11,14,15,37,0
2978,-17656656,537903875,208273,2022,11,14,15,37,1
2979,-17656639,537903878,208200,2022,11,14,15,37,2
2980,-17656624,537903880,208168,2022,11,14,15,37,3
2981,-17656610,537903882,208090,2022,11,14,15,37,4
2982,-17656599,537903884,208054,2022,11,14,15,37,5
2983,-17656590,537903884,208016,2022,11,14,15,37,6
2984,-17656577,537903886,207933,2022,11,14,15,37,7
2985,-17656563,537903889,207850,2022,11,14,15,37,8
2986,-17656561,537903887,207870,2022,11,14,15,37,9
2987,-17656549,537903882,207955,2022,11,14,15,37,12
2988,-17656534,537903885,207911,2022,11,14,15,37,13
2989,-17656528,537903883,207940,2022,11,14,15,37,14
2990,-17656514,537903885,207911,2022,11,14,15,37,15
2991,-17656502,537903888,207881,2022,11,14,15,37,16
2992,-17656489,537903891,207836,2022,11,14,15,37,17
2993,-17656477,537903894,207787,2022,11,14,15,37,18
2994,-17656459,537903896,207700,2022,11,14,15,37,20
2995,-17656443,537903900,207620,2022,11,14,15,37,21
2996,-17656433,537903902,207578,2022,11,14,15,37,22
2997,-17656418,537903907,207481,2022,11,14,15,37,23
2998,-17656382,537903921,207205,2022,11,14,15,37,25
2999,-17656358,537903930,207018,2022,11,14,15,37,26
3000,-17656314,537903947,206688,2022,11,14,15,37,28
3001,-17656316,537903946,206675,2022,11,14,15,37,29
3002,-17656303,537903951,206567,2022,11,14,15,37,30
3003,-17656292,537903954,206471,2022,11,14,15,37,31
3004,-17656272,537903962,206311,2022,11,14,15,37,32
3005,-17656270,537903962,206280,2022,11,14,15,37,33
3006,-17656266,537903965,206234,2022,11,14,15,37,34
3007,-17656258,537903969,206167,2022,11,14,15,37,35
3008,-17656257,537903971,206139,2022,11,14,15,37,36
3009,-17656260,537903972,206147,2022,11,14,15,37,37
3010,-17656267,537903971,206179,2022,11,14,15,37,38
3011,-17656277,537903968,206231,2022,11,14,15,37,39
3012,-17656296,537903962,206347,2022,11,14,15,37,40
3013,-17656301,537903961,206371,2022,11,14,15,37,41
3014,-17656320,537903954,206491,2022,11,14,15,37,42
3015,-17656327,537903952,206522,2022,11,14,15,37,43
3016,-17656331,537903952,206546,2022,11,14,15,37,44
3017,-17656335,537903952,206556,2022,11,14,15,37,45
3018,-17656346,537903948,206625,2022,11,14,15,37,46
3019,-17656354,537903946,206662,2022,11,14,15,37,47
3020,-17656360,537903945,206692,2022,11,14,15,37,48
3021,-17656378,537903936,206825,2022,11,14,15,37,49
3022,-17656402,537903928,207011,2022,11,14,15,37,51
3023,-17656408,537903926,207068,2022,11,14,15,37,52
3024,-17656408,537903925,207073,2022,11,14,15,37,53
3025,-17656407,537903926,207065,2022,11,14,15,37,54
3026,-17656399,537903928,206999,2022,11,14,15,37,56
3027,-17656403,537903926,207016,2022,11,14,15,37,57
3028,-17656419,537903920,207075,2022,11,14,15,37,59
3029,-17656460,537903905,207305,2022,11,14,15,38,1
3030,-17656480,537903897,207413,2022,11,14,15,38,2
3031,-17656493,537903891,207485,2022,11,14,15,38,3
3032,-17656507,537903885,207568,2022,11,14,15,38,4
3033,-17656522,537903879,207635,2022,11,14,15,38,5
3034,-17656529,537903876,207635,2022,11,14,15,38,6
3035,-17656539,537903872,207674,2022,11,14,15,38,7
3036,-17656547,537903868,207705,2022,11,14,15,38,8
3037,-17656552,537903865,207722,2022,11,14,15,38,9
3038,-17656553,537903863,207712,2022,11,14,15,38,10
3039,-17656548,537903867,207595,2022,11,14,15,38,12
3040,-17656550,537903867,207577,2022,11,14,15,38,13
3041,-17656548,537903870,207470,2022,11,14,15,38,15
3042,-17656546,537903873,207402,2022,11,14,15,38,16
3043,-17656540,537903878,207309,2022,11,14,15,38,17
3044,-17656536,537903882,207204,2022,11,14,15,38,18
3045,-17656532,537903887,207104,2022,11,14,15,38,19
3046,-17656529,537903890,207001,2022,11,14,15,38,20
3047,-17656527,537903893,206896,2022,11,14,15,38,21
3048,-17656524,537903897,206780,2022,11,14,15,38,22
3049,-17656525,537903898,206700,2022,11,14,15,38,23
3050,-17656518,537903903,206558,2022,11,14,15,38,24
3051,-17656520,537903902,206490,2022,11,14,15,38,25
3052,-17656525,537903901,206431,2022,11,14,15,38,26
3053,-17656534,537903899,206424,2022,11,14,15,38,27
3054,-17656544,537903896,206420,2022,11,14,15,38,28
3055,-17656550,537903893,206397,2022,11,14,15,38,29
3056,-17656551,537903893,206338,2022,11,14,15,38,30
3057,-17656553,537903891,206308,2022,11,14,15,38,31
3058,-17656556,537903888,206295,2022,11,14,15,38,32
3059,-17656557,537903886,206278,2022,11,14,15,38,33
3060,-17656556,537903883,206229,2022,11,14,15,38,35
3061,-17656553,537903882,206179,2022,11,14,15,38,36
3062,-17656548,537903880,206121,2022,11,14,15,38,37
3063,-17656545,537903878,206075,2022,11,14,15,38,38
3064,-17656547,537903876,206063,2022,11,14,15,38,39
3065,-17656546,537903874,206006,2022,11,14,15,38,40
3066,-17656551,537903866,205979,2022,11,14,15,38,42
3067,-17656553,537903862,205954,2022,11,14,15,38,43
3068,-17656556,537903854,205904,2022,11,14,15,38,45
3069,-17656554,537903852,205844,2022,11,14,15,38,46
3070,-17656553,537903849,205807,2022,11,14,15,38,47
3071,-17656558,537903842,205793,2022,11,14,15,38,48
3072,-17656560,537903837,205797,2022,11,14,15,38,49
3073,-17656558,537903835,205764,2022,11,14,15,38,50
3074,-17656556,537903831,205743,2022,11,14,15,38,51
3075,-17656549,537903831,205688,2022,11,14,15,38,52
3076,-17656543,537903831,205641,2022,11,14,15,38,53
3077,-17656529,537903832,205549,2022,11,14,15,38,55
3078,-17656521,537903832,205507,2022,11,14,15,38,56
3079,-17656504,537903838,205421,2022,11,14,15,38,57
3080,-17656501,537903837,205438,2022,11,14,15,38,58
3081,-17656504,537903828,205542,2022,11,14,15,38,59
3082,-17656498,537903826,205575,2022,11,14,15,39,0
3083,-17656492,537903822,205621,2022,11,14,15,39,1
3084,-17656487,537903820,205655,2022,11,14,15,39,2
3085,-17656480,537903820,205667,2022,11,14,15,39,3
3086,-17656471,537903822,205668,2022,11,14,15,39,4
3087,-17656474,537903818,205748,2022,11,14,15,39,5
3088,-17656455,537903823,205693,2022,11,14,15,39,6
3089,-17656445,537903825,205705,2022,11,14,15,39,7
3090,-17656417,537903834,205590,2022,11,14,15,39,8
3091,-17656416,537903832,205663,2022,11,14,15,39,9
3092,-17656425,537903824,205808,2022,11,14,15,39,10
3093,-17656412,537903825,205795,2022,11,14,15,39,11
3094,-17656402,537903827,205797,2022,11,14,15,39,12
3095,-17656413,537903819,205953,2022,11,14,15,39,13
3096,-17656404,537903822,205918,2022,11,14,15,39,14
3097,-17656393,537903827,205884,2022,11,14,15,39,15
3098,-17656392,537903827,205922,2022,11,14,15,39,16
3099,-17656364,537903837,205758,2022,11,14,15,39,17
3100,-17656361,537903836,205800,2022,11,14,15,39,18
3101,-17656336,537903846,205666,2022,11,14,15,39,19
3102,-17656316,537903855,205592,2022,11,14,15,39,20
3103,-17656289,537903867,205444,2022,11,14,15,39,21
3104,-17656274,537903872,205398,2022,11,14,15,39,22
3105,-17656252,537903883,205294,2022,11,14,15,39,23
3106,-17656215,537903901,205073,2022,11,14,15,39,24
3107,-17656200,537903912,205020,2022,11,14,15,39,26
3108,-17656182,537903922,204898,2022,11,14,15,39,27
3109,-17656163,537903933,204781,2022,11,14,15,39,28
3110,-17656156,537903942,204742,2022,11,14,15,39,30
3111,-17656159,537903942,204794,2022,11,14,15,39,31
3112,-17656168,537903941,204863,2022,11,14,15,39,32
3113,-17656170,537903944,204877,2022,11,14,15,39,33
3114,-17656151,537903961,204745,2022,11,14,15,39,35
3115,-17656141,537903969,204680,2022,11,14,15,39,36
3116,-17656143,537903972,204683,2022,11,14,15,39,37
3117,-17656146,537903975,204697,2022,11,14,15,39,38
3118,-17656139,537903983,204652,2022,11,14,15,39,39
3119,-17656149,537903983,204736,2022,11,14,15,39,40
3120,-17656161,537903980,204833,2022,11,14,15,39,41
3121,-17656166,537903983,204861,2022,11,14,15,39,42
3122,-17656192,537903975,205052,2022,11,14,15,39,43
3123,-17656198,537903975,205089,2022,11,14,15,39,44
3124,-17656211,537903973,205191,2022,11,14,15,39,45
3125,-17656222,537903970,205288,2022,11,14,15,39,46
3126,-17656247,537903962,205485,2022,11,14,15,39,47
3127,-17656262,537903958,205608,2022,11,14,15,39,48
3128,-17656303,537903942,205928,2022,11,14,15,39,49
3129,-17656318,537903939,206031,2022,11,14,15,39,50
3130,-17656332,537903936,206158,2022,11,14,15,39,51
3131,-17656353,537903929,206344,2022,11,14,15,39,52
3132,-17656362,537903928,206457,2022,11,14,15,39,53
3133,-17656364,537903929,206523,2022,11,14,15,39,54
3134,-17656362,537903933,206527,2022,11,14,15,39,55
3135,-17656382,537903928,206702,2022,11,14,15,39,56
3136,-17656402,537903922,206898,2022,11,14,15,39,57
3137,-17656418,537903918,207060,2022,11,14,15,39,58
3138,-17656437,537903914,207234,2022,11,14,15,39,59
3139,-17656456,537903910,207407,2022,11,14,15,40,0
3140,-17656563,537903872,208377,2022,11,14,15,40,3
3141,-17656573,537903868,208526,2022,11,14,15,40,4
3142,-17656583,537903863,208683,2022,11,14,15,40,5
3143,-17656592,537903860,208813,2022,11,14,15,40,6
3144,-17656594,537903859,208877,2022,11,14,15,40,7
3145,-17656598,537903856,208982,2022,11,14,15,40,8
3146,-17656616,537903850,209171,2022,11,14,15,40,9
3147,-17656638,537903842,209387,2022,11,14,15,40,10
3148,-17656659,537903835,209605,2022,11,14,15,40,11
3149,-17656684,537903825,209853,2022,11,14,15,40,12
3150,-17656711,537903814,210111,2022,11,14,15,40,13
3151,-17656742,537903801,210402,2022,11,14,15,40,14
3152,-17656763,537903792,210606,2022,11,14,15,40,15
3153,-17656782,537903782,210805,2022,11,14,15,40,16
3154,-17656794,537903776,210945,2022,11,14,15,40,17
3155,-17656794,537903775,210988,2022,11,14,15,40,18
3156,-17656787,537903777,210978,2022,11,14,15,40,19
3157,-17656753,537903788,210842,2022,11,14,15,40,22
3158,-17656744,537903791,210809,2022,11,14,15,40,23
3159,-17656732,537903797,210751,2022,11,14,15,40,24
3160,-17656717,537903805,210670,2022,11,14,15,40,25
3161,-17656707,537903811,210627,2022,11,14,15,40,26
3162,-17656699,537903813,210616,2022,11,14,15,40,27
3163,-17656686,537903820,210558,2022,11,14,15,40,28
3164,-17656675,537903827,210511,2022,11,14,15,40,29
3165,-17656647,537903840,210360,2022,11,14,15,40,30
3166,-17656617,537903854,210175,2022,11,14,15,40,31
3167,-17656591,537903868,210013,2022,11,14,15,40,32
3168,-17656572,537903877,209924,2022,11,14,15,40,33
3169,-17656538,537903893,209747,2022,11,14,15,40,35
3170,-17656537,537903893,209755,2022,11,14,15,40,36
3171,-17656511,537903905,209584,2022,11,14,15,40,37
3172,-17656481,537903919,209387,2022,11,14,15,40,38
3173,-17656468,537903924,209348,2022,11,14,15,40,39
3174,-17656454,537903928,209360,2022,11,14,15,40,41
3175,-17656448,537903928,209360,2022,11,14,15,40,42
3176,-17656442,537903929,209362,2022,11,14,15,40,43
3177,-17656422,537903936,209247,2022,11,14,15,40,44
3178,-17656402,537903937,209183,2022,11,14,15,40,46
3179,-17656384,537903942,209090,2022,11,14,15,40,47
3180,-17656380,537903941,209103,2022,11,14,15,40,48
3181,-17656359,537903943,209039,2022,11,14,15,40,50
3182,-17656361,537903938,209107,2022,11,14,15,40,51
3183,-17656361,537903934,209138,2022,11,14,15,40,52
3184,-17656325,537903948,208903,2022,11,14,15,40,53
3185,-17656306,537903953,208802,2022,11,14,15,40,54
3186,-17656274,537903963,208663,2022,11,14,15,40,56
3187,-17656256,537903969,208564,2022,11,14,15,40,57
3188,-17656247,537903971,208541,2022,11,14,15,40,58
3189,-17656242,537903971,208533,2022,11,14,15,40,59
3190,-17656266,537903957,208800,2022,11,14,15,41,1
3191,-17656298,537903940,209108,2022,11,14,15,41,2
3192,-17656349,537903916,209601,2022,11,14,15,41,4
3193,-17656373,537903905,209808,2022,11,14,15,41,5
3194,-17656394,537903899,209974,2022,11,14,15,41,6
3195,-17656428,537903889,210272,2022,11,14,15,41,8
3196,-17656438,537903889,210338,2022,11,14,15,41,9
3197,-17656448,537903888,210423,2022,11,14,15,41,10
3198,-17656444,537903896,210374,2022,11,14,15,41,11
3199,-17656436,537903906,210284,2022,11,14,15,41,12
3200,-17656436,537903911,210260,2022,11,14,15,41,13
3201,-17656437,537903917,210227,2022,11,14,15,41,14
3202,-17656428,537903927,210135,2022,11,14,15,41,15
3203,-17656421,537903937,210055,2022,11,14,15,41,16
3204,-17656426,537903942,210055,2022,11,14,15,41,17
3205,-17656455,537903943,210195,2022,11,14,15,41,19
3206,-17656468,537903942,210302,2022,11,14,15,41,20
3207,-17656484,537903946,210419,2022,11,14,15,41,22
3208,-17656485,537903951,210419,2022,11,14,15,41,23
3209,-17656475,537903962,210379,2022,11,14,15,41,25
3210,-17656463,537903970,210303,2022,11,14,15,41,26
3211,-17656454,537903981,210279,2022,11,14,15,41,28
3212,-17656461,537903982,210338,2022,11,14,15,41,29
3213,-17656473,537903979,210448,2022,11,14,15,41,30
3214,-17656478,537903978,210521,2022,11,14,15,41,31
3215,-17656496,537903971,210864,2022,11,14,15,41,35
3216,-17656501,537903968,210974,2022,11,14,15,41,36
3217,-17656502,537903967,211056,2022,11,14,15,41,37
3218,-17656502,537903965,211148,2022,11,14,15,41,38
3219,-17656501,537903962,211245,2022,11,14,15,41,39
3220,-17656499,537903961,211311,2022,11,14,15,41,40
3221,-17656495,537903960,211367,2022,11,14,15,41,41
3222,-17656481,537903963,211347,2022,11,14,15,41,42
3223,-17656466,537903967,211312,2022,11,14,15,41,43
3224,-17656455,537903969,211334,2022,11,14,15,41,44
3225,-17656443,537903972,211329,2022,11,14,15,41,45
3226,-17656429,537903976,211304,2022,11,14,15,41,46
3227,-17656417,537903978,211307,2022,11,14,15,41,47
3228,-17656400,537903982,211272,2022,11,14,15,41,48
3229,-17656385,537903986,211231,2022,11,14,15,41,49
3230,-17656370,537903990,211189,2022,11,14,15,41,50
3231,-17656356,537903994,211152,2022,11,14,15,41,51
3232,-17656339,537904001,211080,2022,11,14,15,41,52
3233,-17656335,537903999,211136,2022,11,14,15,41,53
3234,-17656332,537903998,211173,2022,11,14,15,41,54
3235,-17656330,537903995,211238,2022,11,14,15,41,55
3236,-17656326,537903995,211281,2022,11,14,15,41,56
3237,-17656321,537903995,211304,2022,11,14,15,41,57
3238,-17656302,537904001,211253,2022,11,14,15,41,59
3239,-17656285,537904009,211166,2022,11,14,15,42,0
3240,-17656274,537904014,211124,2022,11,14,15,42,1
3241,-17656264,537904019,211081,2022,11,14,15,42,2
3242,-17656244,537904030,210974,2022,11,14,15,42,4
3243,-17656237,537904034,210939,2022,11,14,15,42,5
3244,-17656225,537904041,210883,2022,11,14,15,42,7
3245,-17656209,537904048,210805,2022,11,14,15,42,9
3246,-17656199,537904052,210747,2022,11,14,15,42,10
3247,-17656190,537904055,210706,2022,11,14,15,42,11
3248,-17656176,537904061,210602,2022,11,14,15,42,12
3249,-17656177,537904059,210640,2022,11,14,15,42,13
3250,-17656180,537904055,210694,2022,11,14,15,42,14
3251,-17656184,537904049,210765,2022,11,14,15,42,16
3252,-17656193,537904043,210856,2022,11,14,15,42,17
3253,-17656210,537904030,211016,2022,11,14,15,42,19
3254,-17656219,537904022,211125,2022,11,14,15,42,20
3255,-17656228,537904015,211243,2022,11,14,15,42,21
3256,-17656232,537904009,211340,2022,11,14,15,42,22
3257,-17656231,537904006,211390,2022,11,14,15,42,23
3258,-17656233,537904002,211441,2022,11,14,15,42,24
3259,-17656236,537903996,211517,2022,11,14,15,42,25
3260,-17656248,537903987,211654,2022,11,14,15,42,26
3261,-17656271,537903972,211908,2022,11,14,15,42,27
3262,-17656330,537903936,212495,2022,11,14,15,42,29
3263,-17656365,537903915,212841,2022,11,14,15,42,30
3264,-17656393,537903896,213156,2022,11,14,15,42,31
3265,-17656417,537903879,213427,2022,11,14,15,42,32
3266,-17656437,537903863,213695,2022,11,14,15,42,33
3267,-17656456,537903848,213945,2022,11,14,15,42,34
3268,-17656471,537903835,214173,2022,11,14,15,42,35
3269,-17656486,537903822,214390,2022,11,14,15,42,36
3270,-17656502,537903809,214607,2022,11,14,15,42,37
3271,-17656516,537903798,214812,2022,11,14,15,42,38
3272,-17656533,537903783,215055,2022,11,14,15,42,39
3273,-17656546,537903772,215260,2022,11,14,15,42,40
3274,-17656559,537903760,215461,2022,11,14,15,42,41
3275,-17656568,537903751,215628,2022,11,14,15,42,42
3276,-17656575,537903744,215760,2022,11,14,15,42,43
3277,-17656582,537903738,215891,2022,11,14,15,42,44
3278,-17656590,537903730,216023,2022,11,14,15,42,45
3279,-17656594,537903724,216114,2022,11,14,15,42,46
3280,-17656600,537903715,216260,2022,11,14,15,42,47
3281,-17656606,537903708,216378,2022,11,14,15,42,48
3282,-17656610,537903702,216478,2022,11,14,15,42,49
3283,-17656616,537903694,216611,2022,11,14,15,42,50
3284,-17656629,537903682,216793,2022,11,14,15,42,51
3285,-17656631,537903676,216883,2022,11,14,15,42,52
3286,-17656638,537903667,217012,2022,11,14,15,42,53
3287,-17656643,537903661,217121,2022,11,14,15,42,54
3288,-17656651,537903653,217242,2022,11,14,15,42,55
3289,-17656658,537903645,217365,2022,11,14,15,42,56
3290,-17656667,537903637,217514,2022,11,14,15,42,57
3291,-17656690,537903614,217890,2022,11,14,15,42,59
3292,-17656721,537903593,218268,2022,11,14,15,43,0
3293,-17656750,537903570,218631,2022,11,14,15,43,1
3294,-17656788,537903544,219060,2022,11,14,15,43,2
3295,-17656817,537903525,219400,2022,11,14,15,43,3
3296,-17656873,537903487,220072,2022,11,14,15,43,5
3297,-17656900,537903470,220385,2022,11,14,15,43,6
3298,-17656924,537903454,220654,2022,11,14,15,43,7
3299,-17656959,537903434,221007,2022,11,14,15,43,8
3300,-17656988,537903414,221356,2022,11,14,15,43,9
3301,-17657012,537903401,221622,2022,11,14,15,43,10
3302,-17657037,537903387,221880,2022,11,14,15,43,11
3303,-17657070,537903370,222225,2022,11,14,15,43,12
3304,-17657101,537903354,222549,2022,11,14,15,43,13
3305,-17657129,537903340,222826,2022,11,14,15,43,14
3306,-17657144,537903332,222989,2022,11,14,15,43,15
3307,-17657161,537903324,223143,2022,11,14,15,43,16
3308,-17657177,537903316,223304,2022,11,14,15,43,17
3309,-17657193,537903307,223466,2022,11,14,15,43,18
3310,-17657207,537903299,223618,2022,11,14,15,43,19
3311,-17657222,537903292,223745,2022,11,14,15,43,20
3312,-17657237,537903285,223883,2022,11,14,15,43,21
3313,-17657261,537903279,224049,2022,11,14,15,43,23
3314,-17657273,537903276,224130,2022,11,14,15,43,24
3315,-17657281,537903274,224166,2022,11,14,15,43,25
3316,-17657290,537903272,224237,2022,11,14,15,43,26
3317,-17657300,537903270,224291,2022,11,14,15,43,27
3318,-17657309,537903268,224337,2022,11,14,15,43,28
3319,-17657318,537903267,224387,2022,11,14,15,43,29
3320,-17657327,537903264,224459,2022,11,14,15,43,30
3321,-17657336,537903261,224537,2022,11,14,15,43,31
3322,-17657347,537903257,224617,2022,11,14,15,43,32
3323,-17657357,537903254,224693,2022,11,14,15,43,33
3324,-17657370,537903254,224752,2022,11,14,15,43,35
3325,-17657379,537903251,224813,2022,11,14,15,43,36
3326,-17657393,537903247,224904,2022,11,14,15,43,37
3327,-17657407,537903245,224981,2022,11,14,15,43,39
3328,-17657415,537903246,225014,2022,11,14,15,43,40
3329,-17657431,537903248,225082,2022,11,14,15,43,42
3330,-17657439,537903258,225069,2022,11,14,15,43,44
3331,-17657444,537903264,225076,2022,11,14,15,43,45
3332,-17657452,537903267,225113,2022,11,14,15,43,46
3333,-17657456,537903271,225108,2022,11,14,15,43,47
3334,-17657461,537903273,225130,2022,11,14,15,43,48
3335,-17657470,537903274,225163,2022,11,14,15,43,49
3336,-17657480,537903276,225190,2022,11,14,15,43,50
3337,-17657489,537903279,225173,2022,11,14,15,43,51
3338,-17657500,537903281,225186,2022,11,14,15,43,52
3339,-17657509,537903285,225196,2022,11,14,15,43,53
3340,-17657523,537903286,225225,2022,11,14,15,43,54
3341,-17657557,537903292,225273,2022,11,14,15,43,57
3342,-17657565,537903294,225288,2022,11,14,15,43,58
3343,-17657573,537903296,225304,2022,11,14,15,43,59
3344,-17657582,537903297,225319,2022,11,14,15,44,0
3345,-17657592,537903297,225355,2022,11,14,15,44,1
3346,-17657601,537903297,225365,2022,11,14,15,44,2
3347,-17657609,537903295,225385,2022,11,14,15,44,3
3348,-17657613,537903296,225383,2022,11,14,15,44,4
3349,-17657621,537903295,225424,2022,11,14,15,44,5
3350,-17657628,537903294,225446,2022,11,14,15,44,6
3351,-17657640,537903287,225501,2022,11,14,15,44,7
3352,-17657647,537903285,225505,2022,11,14,15,44,8
3353,-17657653,537903283,225504,2022,11,14,15,44,9
3354,-17657657,537903282,225494,2022,11,14,15,44,10
3355,-17657662,537903279,225512,2022,11,14,15,44,11
3356,-17657671,537903275,225541,2022,11,14,15,44,12
3357,-17657676,537903272,225521,2022,11,14,15,44,13
3358,-17657684,537903267,225561,2022,11,14,15,44,14
3359,-17657687,537903268,225532,2022,11,14,15,44,15
3360,-17657692,537903266,225540,2022,11,14,15,44,16
3361,-17657699,537903264,225529,2022,11,14,15,44,17
3362,-17657709,537903262,225510,2022,11,14,15,44,18
3363,-17657718,537903257,225533,2022,11,14,15,44,19
3364,-17657728,537903250,225561,2022,11,14,15,44,20
3365,-17657743,537903243,225592,2022,11,14,15,44,21
3366,-17657753,537903239,225585,2022,11,14,15,44,22
3367,-17657764,537903235,225592,2022,11,14,15,44,23
3368,-17657779,537903228,225617,2022,11,14,15,44,24
3369,-17657795,537903225,225548,2022,11,14,15,44,26
3370,-17657812,537903223,225465,2022,11,14,15,44,28
3371,-17657824,537903220,225433,2022,11,14,15,44,29
3372,-17657832,537903219,225355,2022,11,14,15,44,30
3373,-17657843,537903216,225307,2022,11,14,15,44,31
3374,-17657854,537903213,225232,2022,11,14,15,44,32
3375,-17657866,537903209,225198,2022,11,14,15,44,33
3376,-17657874,537903208,225106,2022,11,14,15,44,34
3377,-17657882,537903207,225020,2022,11,14,15,44,35
3378,-17657927,537903197,224567,2022,11,14,15,44,40
3379,-17657933,537903198,224444,2022,11,14,15,44,41
3380,-17657940,537903197,224329,2022,11,14,15,44,42
3381,-17657943,537903199,224178,2022,11,14,15,44,43
3382,-17657946,537903200,224030,2022,11,14,15,44,44
3383,-17657951,537903199,223919,2022,11,14,15,44,45
3384,-17657952,537903200,223787,2022,11,14,15,44,46
3385,-17657955,537903199,223676,2022,11,14,15,44,47
3386,-17657963,537903194,223624,2022,11,14,15,44,48
3387,-17657972,537903187,223599,2022,11,14,15,44,49
3388,-17657981,537903180,223576,2022,11,14,15,44,50
3389,-17657982,537903179,223502,2022,11,14,15,44,51
3390,-17657984,537903176,223450,2022,11,14,15,44,52
3391,-17657993,537903170,223442,2022,11,14,15,44,53
3392,-17658000,537903163,223464,2022,11,14,15,44,54
3393,-17658007,537903155,223499,2022,11,14,15,44,55
3394,-17658005,537903155,223449,2022,11,14,15,44,56
3395,-17658003,537903154,223432,2022,11,14,15,44,57
3396,-17657998,537903154,223387,2022,11,14,15,44,58
3397,-17658002,537903140,223512,2022,11,14,15,45,1
3398,-17658005,537903135,223583,2022,11,14,15,45,2
3399,-17658009,537903130,223648,2022,11,14,15,45,3
3400,-17658014,537903125,223716,2022,11,14,15,45,4
3401,-17658020,537903117,223831,2022,11,14,15,45,5
3402,-17658027,537903110,223963,2022,11,14,15,45,6
3403,-17658031,537903103,224077,2022,11,14,15,45,7
3404,-17658021,537903103,224139,2022,11,14,15,45,9
3405,-17658017,537903102,224183,2022,11,14,15,45,10
3406,-17658012,537903103,224204,2022,11,14,15,45,11
3407,-17658011,537903102,224256,2022,11,14,15,45,12
3408,-17658008,537903100,224295,2022,11,14,15,45,13
3409,-17658010,537903098,224418,2022,11,14,15,45,15
3410,-17658005,537903103,224411,2022,11,14,15,45,16
3411,-17657998,537903106,224430,2022,11,14,15,45,17
3412,-17657992,537903110,224454,2022,11,14,15,45,18
3413,-17657984,537903116,224439,2022,11,14,15,45,19
3414,-17657976,537903120,224452,2022,11,14,15,45,20
3415,-17657964,537903125,224432,2022,11,14,15,45,21
3416,-17657953,537903131,224430,2022,11,14,15,45,22
3417,-17657944,537903134,224477,2022,11,14,15,45,23
3418,-17657932,537903137,224492,2022,11,14,15,45,24
3419,-17657927,537903137,224578,2022,11,14,15,45,25
3420,-17657904,537903144,224622,2022,11,14,15,45,27
3421,-17657894,537903148,224655,2022,11,14,15,45,28
3422,-17657872,537903158,224659,2022,11,14,15,45,30
3423,-17657860,537903163,224647,2022,11,14,15,45,31
3424,-17657846,537903169,224634,2022,11,14,15,45,32
3425,-17657831,537903177,224578,2022,11,14,15,45,33
3426,-17657818,537903183,224545,2022,11,14,15,45,34
3427,-17657810,537903186,224541,2022,11,14,15,45,35
3428,-17657805,537903189,224543,2022,11,14,15,45,36
3429,-17657799,537903192,224536,2022,11,14,15,45,37
3430,-17657795,537903195,224530,2022,11,14,15,45,38
3431,-17657798,537903193,224592,2022,11,14,15,45,39
3432,-17657797,537903192,224637,2022,11,14,15,45,40
3433,-17657798,537903192,224679,2022,11,14,15,45,42
3434,-17657799,537903191,224709,2022,11,14,15,45,43
3435,-17657797,537903193,224691,2022,11,14,15,45,44
3436,-17657793,537903196,224657,2022,11,14,15,45,45
3437,-17657790,537903199,224625,2022,11,14,15,45,46
3438,-17657790,537903200,224600,2022,11,14,15,45,47
3439,-17657788,537903201,224571,2022,11,14,15,45,48
3440,-17657785,537903202,224545,2022,11,14,15,45,49
3441,-17657784,537903204,224551,2022,11,14,15,45,50
3442,-17657780,537903206,224533,2022,11,14,15,45,51
3443,-17657773,537903208,224526,2022,11,14,15,45,53
3444,-17657769,537903210,224512,2022,11,14,15,45,54
3445,-17657764,537903210,224486,2022,11,14,15,45,55
3446,-17657759,537903211,224467,2022,11,14,15,45,56
3447,-17657754,537903212,224436,2022,11,14,15,45,57
3448,-17657748,537903213,224420,2022,11,14,15,45,58
3449,-17657745,537903212,224422,2022,11,14,15,45,59
3450,-17657740,537903211,224419,2022,11,14,15,46,0
3451,-17657728,537903213,224367,2022,11,14,15,46,1
3452,-17657724,537903211,224399,2022,11,14,15,46,2
3453,-17657720,537903209,224440,2022,11,14,15,46,3
3454,-17657714,537903207,224465,2022,11,14,15,46,4
3455,-17657707,537903206,224489,2022,11,14,15,46,5
3456,-17657702,537903203,224541,2022,11,14,15,46,6
3457,-17657701,537903198,224636,2022,11,14,15,46,7
3458,-17657694,537903200,224664,2022,11,14,15,46,8
3459,-17657693,537903199,224741,2022,11,14,15,46,9
3460,-17657678,537903202,224752,2022,11,14,15,46,11
3461,-17657675,537903203,224789,2022,11,14,15,46,12
3462,-17657664,537903211,224783,2022,11,14,15,46,15
3463,-17657659,537903213,224799,2022,11,14,15,46,16
3464,-17657654,537903215,224831,2022,11,14,15,46,17
3465,-17657653,537903213,224899,2022,11,14,15,46,18
3466,-17657637,537903217,224895,2022,11,14,15,46,20
3467,-17657628,537903220,224887,2022,11,14,15,46,21
3468,-17657598,537903233,224780,2022,11,14,15,46,24
3469,-17657586,537903238,224706,2022,11,14,15,46,25
3470,-17657582,537903238,224733,2022,11,14,15,46,26
3471,-17657575,537903241,224727,2022,11,14,15,46,27
3472,-17657564,537903247,224690,2022,11,14,15,46,28
3473,-17657552,537903253,224632,2022,11,14,15,46,29
3474,-17657539,537903259,224561,2022,11,14,15,46,30
3475,-17657514,537903272,224379,2022,11,14,15,46,31
3476,-17657496,537903282,224269,2022,11,14,15,46,32
3477,-17657453,537903306,223934,2022,11,14,15,46,33
3478,-17657425,537903318,223791,2022,11,14,15,46,35
3479,-17657412,537903322,223734,2022,11,14,15,46,36
3480,-17657403,537903325,223711,2022,11,14,15,46,37
3481,-17657387,537903333,223613,2022,11,14,15,46,38
3482,-17657370,537903341,223499,2022,11,14,15,46,39
3483,-17657353,537903349,223394,2022,11,14,15,46,40
3484,-17657337,537903356,223310,2022,11,14,15,46,41
3485,-17657310,537903371,223087,2022,11,14,15,46,42
3486,-17657272,537903388,222831,2022,11,14,15,46,44
3487,-17657256,537903396,222733,2022,11,14,15,46,45
3488,-17657245,537903401,222680,2022,11,14,15,46,46
3489,-17657236,537903404,222654,2022,11,14,15,46,47
3490,-17657228,537903408,222620,2022,11,14,15,46,48
3491,-17657222,537903412,222597,2022,11,14,15,46,49
3492,-17657218,537903414,222599,2022,11,14,15,46,50
3493,-17657218,537903415,222600,2022,11,14,15,46,51
3494,-17657221,537903414,222634,2022,11,14,15,46,52
3495,-17657228,537903411,222699,2022,11,14,15,46,53
3496,-17657237,537903408,222789,2022,11,14,15,46,54
3497,-17657246,537903402,222893,2022,11,14,15,46,55
3498,-17657253,537903398,222983,2022,11,14,15,46,56
3499,-17657259,537903395,223055,2022,11,14,15,46,57
3500,-17657259,537903396,223058,2022,11,14,15,46,58
3501,-17657257,537903399,223064,2022,11,14,15,46,59
3502,-17657255,537903400,223070,2022,11,14,15,47,0
3503,-17657256,537903399,223113,2022,11,14,15,47,1
3504,-17657258,537903398,223175,2022,11,14,15,47,2
3505,-17657258,537903397,223216,2022,11,14,15,47,3
3506,-17657260,537903395,223261,2022,11,14,15,47,4
3507,-17657263,537903388,223403,2022,11,14,15,47,6
3508,-17657262,537903386,223458,2022,11,14,15,47,7
3509,-17657262,537903384,223515,2022,11,14,15,47,8
3510,-17657259,537903382,223566,2022,11,14,15,47,10
3511,-17657259,537903381,223593,2022,11,14,15,47,11
3512,-17657253,537903384,223559,2022,11,14,15,47,12
3513,-17657247,537903385,223576,2022,11,14,15,47,14
3514,-17657244,537903385,223590,2022,11,14,15,47,15
3515,-17657239,537903386,223594,2022,11,14,15,47,16
3516,-17657234,537903387,223574,2022,11,14,15,47,17
3517,-17657233,537903386,223598,2022,11,14,15,47,18
3518,-17657231,537903385,223611,2022,11,14,15,47,19
3519,-17657240,537903379,223716,2022,11,14,15,47,20
3520,-17657249,537903370,223838,2022,11,14,15,47,21
3521,-17657263,537903357,224049,2022,11,14,15,47,23
3522,-17657271,537903351,224162,2022,11,14,15,47,24
3523,-17657277,537903346,224253,2022,11,14,15,47,25
3524,-17657284,537903341,224375,2022,11,14,15,47,26
3525,-17657279,537903341,224380,2022,11,14,15,47,27
3526,-17657279,537903338,224406,2022,11,14,15,47,28
3527,-17657277,537903337,224407,2022,11,14,15,47,29
3528,-17657285,537903331,224501,2022,11,14,15,47,30
3529,-17657296,537903322,224631,2022,11,14,15,47,31
3530,-17657315,537903311,224827,2022,11,14,15,47,32
3531,-17657332,537903301,225006,2022,11,14,15,47,33
3532,-17657352,537903290,225204,2022,11,14,15,47,34
3533,-17657365,537903284,225336,2022,11,14,15,47,35
3534,-17657380,537903278,225519,2022,11,14,15,47,36
3535,-17657395,537903271,225688,2022,11,14,15,47,37
3536,-17657407,537903265,225826,2022,11,14,15,47,38
3537,-17657419,537903258,225956,2022,11,14,15,47,39
3538,-17657428,537903255,226078,2022,11,14,15,47,40
3539,-17657436,537903254,226194,2022,11,14,15,47,41
3540,-17657441,537903253,226292,2022,11,14,15,47,42
3541,-17657446,537903252,226378,2022,11,14,15,47,43
3542,-17657456,537903248,226508,2022,11,14,15,47,44
3543,-17657466,537903242,226619,2022,11,14,15,47,45
3544,-17657470,537903240,226660,2022,11,14,15,47,46
3545,-17657481,537903235,226755,2022,11,14,15,47,47
3546,-17657485,537903232,226810,2022,11,14,15,47,48
3547,-17657490,537903228,226878,2022,11,14,15,47,49
3548,-17657480,537903236,226824,2022,11,14,15,47,50
3549,-17657479,537903237,226866,2022,11,14,15,47,51
3550,-17657466,537903246,226771,2022,11,14,15,47,52
3551,-17657434,537903264,226563,2022,11,14,15,47,54
3552,-17657434,537903262,226614,2022,11,14,15,47,55
3553,-17657434,537903256,226750,2022,11,14,15,47,57
3554,-17657424,537903259,226735,2022,11,14,15,47,58
3555,-17657420,537903259,226768,2022,11,14,15,47,59
3556,-17657414,537903259,226775,2022,11,14,15,48,0
3557,-17657389,537903272,226612,2022,11,14,15,48,1
3558,-17657380,537903276,226584,2022,11,14,15,48,2
3559,-17657374,537903278,226583,2022,11,14,15,48,3
3560,-17657367,537903280,226561,2022,11,14,15,48,4
3561,-17657351,537903286,226443,2022,11,14,15,48,5
3562,-17657334,537903294,226322,2022,11,14,15,48,6
3563,-17657309,537903306,226129,2022,11,14,15,48,7
3564,-17657281,537903319,225941,2022,11,14,15,48,8
3565,-17657260,537903327,225806,2022,11,14,15,48,9
3566,-17657251,537903327,225785,2022,11,14,15,48,10
3567,-17657225,537903336,225621,2022,11,14,15,48,11
